{
    "SFDQN (Standard)": [
        29.0,
        98.6,
        55.6,
        63.975053367815654
    ],
    "FG-SFDQN (alg1)": [
        50.0,
        103.1,
        120.7,
        88.08659843245007
    ],
    "FG-SFDQN (alg2)": [
        57.5,
        51.5,
        46.5,
        54.313031782077545
    ],
    "FG-SFDQN (alg3)": [
        62.2,
        65.5,
        62.6,
        55.80373661698496
    ]
}
